IndicatorCode,Indicator,ValueType,ParentLocationCode,ParentLocation,Location type,SpatialDimValueCode,Location,Period type,Period,IsLatestYear,Dim1 type,Dim1,Dim1ValueCode,Dim2 type,Dim2,Dim2ValueCode,Dim3 type,Dim3,Dim3ValueCode,DataSourceDimValueCode,DataSource,FactValueNumericPrefix,FactValueNumeric,FactValueUoM,FactValueNumericLowPrefix,FactValueNumericLow,FactValueNumericHighPrefix,FactValueNumericHigh,Value,FactValueTranslationID,FactComments,Language,DateModified
HWF_0001,"Medical doctors (per 10,000)",numeric,AFR,Africa,Country,NER,Niger,Year,2020,true,,,,,,,,,,,,,0.35,,,,,,0.35,,,EN,2022-01-23T23:00:00.000Z
HWF_0001,"Medical doctors (per 10,000)",numeric,AFR,Africa,Country,MWI,Malawi,Year,2020,true,,,,,,,,,,,,,0.5,,,,,,0.5,,,EN,2022-01-23T23:00:00.000Z
HWF_0001,"Medical doctors (per 10,000)",numeric,AFR,Africa,Country,TCD,Chad,Year,2020,true,,,,,,,,,,,,,0.61,,,,,,0.61,,,EN,2022-01-23T23:00:00.000Z
HWF_0001,"Medical doctors (per 10,000)",numeric,AFR,Africa,Country,BDI,Burundi,Year,2020,true,,,,,,,,,,,,,0.72,,,,,,0.72,,,EN,2022-01-23T23:00:00.000Z
HWF_0001,"Medical doctors (per 10,000)",numeric,AFR,Africa,Country,ERI,Eritrea,Year,2020,true,,,,,,,,,,,,,0.82,,,,,,0.82,,,EN,2022-01-23T23:00:00.000Z
HWF_0001,"Medical doctors (per 10,000)",numeric,AFR,Africa,Country,GMB,Gambia,Year,2020,true,,,,,,,,,,,,,0.82,,,,,,0.82,,,EN,2022-01-23T23:00:00.000Z
HWF_0001,"Medical doctors (per 10,000)",numeric,AFR,Africa,Country,TGO,Togo,Year,2020,true,,,,,,,,,,,,,0.83,,,,,,0.83,,,EN,2022-01-23T23:00:00.000Z
HWF_0001,"Medical doctors (per 10,000)",numeric,AFR,Africa,Country,MOZ,Mozambique,Year,2020,true,,,,,,,,,,,,,0.85,,,,,,0.85,,,EN,2022-01-23T23:00:00.000Z
HWF_0001,"Medical doctors (per 10,000)",numeric,AFR,Africa,Country,ETH,Ethiopia,Year,2020,true,,,,,,,,,,,,,1.06,,,,,,1.06,,,EN,2022-01-23T23:00:00.000Z
HWF_0001,"Medical doctors (per 10,000)",numeric,AFR,Africa,Country,SWZ,Eswatini,Year,2020,true,,,,,,,,,,,,,1.42,,,,,,1.42,,,EN,2022-01-23T23:00:00.000Z
HWF_0001,"Medical doctors (per 10,000)",numeric,AFR,Africa,Country,UGA,Uganda,Year,2020,true,,,,,,,,,,,,,1.54,,,,,,1.54,,,EN,2022-01-23T23:00:00.000Z
HWF_0001,"Medical doctors (per 10,000)",numeric,AFR,Africa,Country,GHA,Ghana,Year,2020,true,,,,,,,,,,,,,1.7,,,,,,1.7,,,EN,2022-01-23T23:00:00.000Z
HWF_0001,"Medical doctors (per 10,000)",numeric,AFR,Africa,Country,GNB,Guinea-Bissau,Year,2020,true,,,,,,,,,,,,,1.96,,,,,,1.96,,,EN,2022-01-23T23:00:00.000Z
HWF_0001,"Medical doctors (per 10,000)",numeric,AFR,Africa,Country,ZWE,Zimbabwe,Year,2020,true,,,,,,,,,,,,,1.99,,,,,,1.99,,,EN,2022-01-23T23:00:00.000Z
HWF_0001,"Medical doctors (per 10,000)",numeric,AMR,Americas,Country,PRY,Paraguay,Year,2020,true,,,,,,,,,,,,,10.52,,,,,,10.52,,,EN,2022-01-23T23:00:00.000Z
HWF_0001,"Medical doctors (per 10,000)",numeric,WPR,Western Pacific,Country,TUV,Tuvalu,Year,2020,true,,,,,,,,,,,,,11.86,,,,,,11.86,,,EN,2022-01-23T23:00:00.000Z
HWF_0001,"Medical doctors (per 10,000)",numeric,SEAR,South-East Asia,Country,LKA,Sri Lanka,Year,2020,true,,,,,,,,,,,,,12.29,,,,,,12.29,,,EN,2022-01-23T23:00:00.000Z
HWF_0001,"Medical doctors (per 10,000)",numeric,AMR,Americas,Country,GTM,Guatemala,Year,2020,true,,,,,,,,,,,,,12.41,,,,,,12.41,,,EN,2022-01-23T23:00:00.000Z
HWF_0001,"Medical doctors (per 10,000)",numeric,AMR,Americas,Country,GUY,Guyana,Year,2020,true,,,,,,,,,,,,,14.24,,,,,,14.24,,,EN,2022-01-23T23:00:00.000Z
HWF_0001,"Medical doctors (per 10,000)",numeric,WPR,Western Pacific,Country,PLW,Palau,Year,2020,true,,,,,,,,,,,,,17.68,,,,,,17.68,,,EN,2022-01-23T23:00:00.000Z
HWF_0001,"Medical doctors (per 10,000)",numeric,EMR,Eastern Mediterranean,Country,OMN,Oman,Year,2020,true,,,,,,,,,,,,,17.74,,,,,,17.74,,,EN,2022-01-23T23:00:00.000Z
HWF_0001,"Medical doctors (per 10,000)",numeric,EUR,Europe,Country,ALB,Albania,Year,2020,true,,,,,,,,,,,,,18.75,,,,,,18.75,,,EN,2022-01-23T23:00:00.000Z
HWF_0001,"Medical doctors (per 10,000)",numeric,EMR,Eastern Mediterranean,Country,AFG,Afghanistan,Year,2020,true,,,,,,,,,,,,,2.54,,,,,,2.54,,,EN,2022-01-23T23:00:00.000Z
HWF_0001,"Medical doctors (per 10,000)",numeric,WPR,Western Pacific,Country,MYS,Malaysia,Year,2020,true,,,,,,,,,,,,,22.86,,,,,,22.86,,,EN,2022-01-23T23:00:00.000Z
HWF_0001,"Medical doctors (per 10,000)",numeric,AMR,Americas,Country,COL,Colombia,Year,2020,true,,,,,,,,,,,,,23.27,,,,,,23.27,,,EN,2022-01-23T23:00:00.000Z
HWF_0001,"Medical doctors (per 10,000)",numeric,EMR,Eastern Mediterranean,Country,KWT,Kuwait,Year,2020,true,,,,,,,,,,,,,23.42,,,,,,23.42,,,EN,2022-01-23T23:00:00.000Z
HWF_0001,"Medical doctors (per 10,000)",numeric,AFR,Africa,Country,MUS,Mauritius,Year,2020,true,,,,,,,,,,,,,27.13,,,,,,27.13,,,EN,2022-01-23T23:00:00.000Z
HWF_0001,"Medical doctors (per 10,000)",numeric,EMR,Eastern Mediterranean,Country,SAU,Saudi Arabia,Year,2020,true,,,,,,,,,,,,,27.38,,,,,,27.38,,,EN,2022-01-23T23:00:00.000Z
HWF_0001,"Medical doctors (per 10,000)",numeric,EUR,Europe,Country,MNE,Montenegro,Year,2020,true,,,,,,,,,,,,,27.4,,,,,,27.4,,,EN,2022-01-23T23:00:00.000Z
HWF_0001,"Medical doctors (per 10,000)",numeric,AMR,Americas,Country,CHL,Chile,Year,2020,true,,,,,,,,,,,,,28.35,,,,,,28.35,,,EN,2022-01-23T23:00:00.000Z
HWF_0001,"Medical doctors (per 10,000)",numeric,WPR,Western Pacific,Country,LAO,Lao People's Democratic Republic,Year,2020,true,,,,,,,,,,,,,3.54,,,,,,3.54,,,EN,2022-01-23T23:00:00.000Z
HWF_0001,"Medical doctors (per 10,000)",numeric,EUR,Europe,Country,GBR,United Kingdom of Great Britain and Northern Ireland,Year,2020,true,,,,,,,,,,,,,30.04,,,,,,30.04,,,EN,2022-01-23T23:00:00.000Z
HWF_0001,"Medical doctors (per 10,000)",numeric,EUR,Europe,Country,MDA,Republic of Moldova,Year,2020,true,,,,,,,,,,,,,31.03,,,,,,31.03,,,EN,2022-01-23T23:00:00.000Z
HWF_0001,"Medical doctors (per 10,000)",numeric,AMR,Americas,Country,CRI,Costa Rica,Year,2020,true,,,,,,,,,,,,,33.01,,,,,,33.01,,,EN,2022-01-23T23:00:00.000Z
HWF_0001,"Medical doctors (per 10,000)",numeric,EUR,Europe,Country,LVA,Latvia,Year,2020,true,,,,,,,,,,,,,34.05,,,,,,34.05,,,EN,2022-01-23T23:00:00.000Z
HWF_0001,"Medical doctors (per 10,000)",numeric,EUR,Europe,Country,IRL,Ireland,Year,2020,true,,,,,,,,,,,,,34.9,,,,,,34.9,,,EN,2022-01-23T23:00:00.000Z
HWF_0001,"Medical doctors (per 10,000)",numeric,WPR,Western Pacific,Country,NZL,New Zealand,Year,2020,true,,,,,,,,,,,,,36.18,,,,,,36.18,,,EN,2022-01-23T23:00:00.000Z
HWF_0001,"Medical doctors (per 10,000)",numeric,EUR,Europe,Country,ISR,Israel,Year,2020,true,,,,,,,,,,,,,36.26,,,,,,36.26,,,EN,2022-01-23T23:00:00.000Z
HWF_0001,"Medical doctors (per 10,000)",numeric,EUR,Europe,Country,POL,Poland,Year,2020,true,,,,,,,,,,,,,37.71,,,,,,37.71,,,EN,2022-01-23T23:00:00.000Z
HWF_0001,"Medical doctors (per 10,000)",numeric,EUR,Europe,Country,RUS,Russian Federation,Year,2020,true,,,,,,,,,,,,,38.19,,,,,,38.19,,,EN,2022-01-23T23:00:00.000Z
HWF_0001,"Medical doctors (per 10,000)",numeric,EUR,Europe,Country,ITA,Italy,Year,2020,true,,,,,,,,,,,,,39.48,,,,,,39.48,,,EN,2022-01-23T23:00:00.000Z
HWF_0001,"Medical doctors (per 10,000)",numeric,SEAR,South-East Asia,Country,BTN,Bhutan,Year,2020,true,,,,,,,,,,,,,4.99,,,,,,4.99,,,EN,2022-01-23T23:00:00.000Z
HWF_0001,"Medical doctors (per 10,000)",numeric,AMR,Americas,Country,ARG,Argentina,Year,2020,true,,,,,,,,,,,,,40.6,,,,,,40.6,,,EN,2022-01-23T23:00:00.000Z
HWF_0001,"Medical doctors (per 10,000)",numeric,EUR,Europe,Country,KAZ,Kazakhstan,Year,2020,true,,,,,,,,,,,,,40.71,,,,,,40.71,,,EN,2022-01-23T23:00:00.000Z
HWF_0001,"Medical doctors (per 10,000)",numeric,EUR,Europe,Country,NLD,Netherlands,Year,2020,true,,,,,,,,,,,,,40.79,,,,,,40.79,,,EN,2022-01-23T23:00:00.000Z
HWF_0001,"Medical doctors (per 10,000)",numeric,WPR,Western Pacific,Country,AUS,Australia,Year,2020,true,,,,,,,,,,,,,41.29,,,,,,41.29,,,EN,2022-01-23T23:00:00.000Z
HWF_0001,"Medical doctors (per 10,000)",numeric,EUR,Europe,Country,CZE,Czechia,Year,2020,true,,,,,,,,,,,,,41.53,,,,,,41.53,,,EN,2022-01-23T23:00:00.000Z
HWF_0001,"Medical doctors (per 10,000)",numeric,EUR,Europe,Country,CHE,Switzerland,Year,2020,true,,,,,,,,,,,,,43.8,,,,,,43.8,,,EN,2022-01-23T23:00:00.000Z
HWF_0001,"Medical doctors (per 10,000)",numeric,EUR,Europe,Country,DEU,Germany,Year,2020,true,,,,,,,,,,,,,44.35,,,,,,44.35,,,EN,2022-01-23T23:00:00.000Z
HWF_0001,"Medical doctors (per 10,000)",numeric,AMR,Americas,Country,HND,Honduras,Year,2020,true,,,,,,,,,,,,,5,,,,,,5,,,EN,2022-01-23T23:00:00.000Z
HWF_0001,"Medical doctors (per 10,000)",numeric,EUR,Europe,Country,NOR,Norway,Year,2020,true,,,,,,,,,,,,,50.47,,,,,,50.47,,,EN,2022-01-23T23:00:00.000Z
HWF_0001,"Medical doctors (per 10,000)",numeric,EUR,Europe,Country,LTU,Lithuania,Year,2020,true,,,,,,,,,,,,,50.76,,,,,,50.76,,,EN,2022-01-23T23:00:00.000Z
HWF_0001,"Medical doctors (per 10,000)",numeric,EUR,Europe,Country,GEO,Georgia,Year,2020,true,,,,,,,,,,,,,51.09,,,,,,51.09,,,EN,2022-01-23T23:00:00.000Z
HWF_0001,"Medical doctors (per 10,000)",numeric,EUR,Europe,Country,AUT,Austria,Year,2020,true,,,,,,,,,,,,,52.93,,,,,,52.93,,,EN,2022-01-23T23:00:00.000Z
HWF_0001,"Medical doctors (per 10,000)",numeric,WPR,Western Pacific,Country,WSM,Samoa,Year,2020,true,,,,,,,,,,,,,6,,,,,,6,,,EN,2022-01-23T23:00:00.000Z
HWF_0001,"Medical doctors (per 10,000)",numeric,SEAR,South-East Asia,Country,IDN,Indonesia,Year,2020,true,,,,,,,,,,,,,6.23,,,,,,6.23,,,EN,2022-01-23T23:00:00.000Z
HWF_0001,"Medical doctors (per 10,000)",numeric,SEAR,South-East Asia,Country,BGD,Bangladesh,Year,2020,true,,,,,,,,,,,,,6.67,,,,,,6.67,,,EN,2022-01-23T23:00:00.000Z
HWF_0001,"Medical doctors (per 10,000)",numeric,EUR,Europe,Country,HUN,Hungary,Year,2020,true,,,,,,,,,,,,,60.64,,,,,,60.64,,,EN,2022-01-23T23:00:00.000Z
HWF_0001,"Medical doctors (per 10,000)",numeric,EUR,Europe,Country,BEL,Belgium,Year,2020,true,,,,,,,,,,,,,60.79,,,,,,60.79,,,EN,2022-01-23T23:00:00.000Z
HWF_0001,"Medical doctors (per 10,000)",numeric,SEAR,South-East Asia,Country,IND,India,Year,2020,true,,,,,,,,,,,,,7.35,,,,,,7.35,,,EN,2022-01-23T23:00:00.000Z
HWF_0001,"Medical doctors (per 10,000)",numeric,SEAR,South-East Asia,Country,TLS,Timor-Leste,Year,2020,true,,,,,,,,,,,,,7.56,,,,,,7.56,,,EN,2022-01-23T23:00:00.000Z
HWF_0001,"Medical doctors (per 10,000)",numeric,WPR,Western Pacific,Country,PHL,Philippines,Year,2020,true,,,,,,,,,,,,,7.73,,,,,,7.73,,,EN,2022-01-23T23:00:00.000Z
HWF_0001,"Medical doctors (per 10,000)",numeric,SEAR,South-East Asia,Country,NPL,Nepal,Year,2020,true,,,,,,,,,,,,,8.52,,,,,,8.52,,,EN,2022-01-23T23:00:00.000Z
HWF_0001,"Medical doctors (per 10,000)",numeric,WPR,Western Pacific,Country,FSM,Micronesia (Federated States of),Year,2020,true,,,,,,,,,,,,,9.39,,,,,,9.39,,,EN,2022-01-23T23:00:00.000Z
HWF_0001,"Medical doctors (per 10,000)",numeric,WPR,Western Pacific,Country,TON,Tonga,Year,2020,true,,,,,,,,,,,,,9.46,,,,,,9.46,,,EN,2022-01-23T23:00:00.000Z
HWF_0001,"Medical doctors (per 10,000)",numeric,SEAR,South-East Asia,Country,THA,Thailand,Year,2020,true,,,,,,,,,,,,,9.5,,,,,,9.5,,,EN,2022-01-23T23:00:00.000Z
HWF_0001,"Medical doctors (per 10,000)",numeric,EMR,Eastern Mediterranean,Country,IRQ,Iraq,Year,2020,true,,,,,,,,,,,,,9.66,,,,,,9.66,,,EN,2022-01-23T23:00:00.000Z
HWF_0001,"Medical doctors (per 10,000)",numeric,AFR,Africa,Country,BEN,Benin,Year,2019,true,,,,,,,,,,,,,0.65,,,,,,0.65,,,EN,2022-01-23T23:00:00.000Z
HWF_0001,"Medical doctors (per 10,000)",numeric,WPR,Western Pacific,Country,PNG,Papua New Guinea,Year,2019,true,,,,,,,,,,,,,0.66,,,,,,0.66,,,EN,2022-01-23T23:00:00.000Z
HWF_0001,"Medical doctors (per 10,000)",numeric,AFR,Africa,Country,SEN,Senegal,Year,2019,true,,,,,,,,,,,,,0.88,,,,,,0.88,,,EN,2022-01-23T23:00:00.000Z
HWF_0001,"Medical doctors (per 10,000)",numeric,AFR,Africa,Country,BFA,Burkina Faso,Year,2019,true,,,,,,,,,,,,,0.94,,,,,,0.94,,,EN,2022-01-23T23:00:00.000Z
HWF_0001,"Medical doctors (per 10,000)",numeric,AFR,Africa,Country,RWA,Rwanda,Year,2019,true,,,,,,,,,,,,,1.18,,,,,,1.18,,,EN,2022-01-23T23:00:00.000Z
HWF_0001,"Medical doctors (per 10,000)",numeric,AFR,Africa,Country,CIV,Côte d’Ivoire,Year,2019,true,,,,,,,,,,,,,1.62,,,,,,1.62,,,EN,2022-01-23T23:00:00.000Z
HWF_0001,"Medical doctors (per 10,000)",numeric,EMR,Eastern Mediterranean,Country,PAK,Pakistan,Year,2019,true,,,,,,,,,,,,,11.18,,,,,,11.18,,,EN,2022-01-23T23:00:00.000Z
HWF_0001,"Medical doctors (per 10,000)",numeric,AMR,Americas,Country,DOM,Dominican Republic,Year,2019,true,,,,,,,,,,,,,14.52,,,,,,14.52,,,EN,2022-01-23T23:00:00.000Z
HWF_0001,"Medical doctors (per 10,000)",numeric,AMR,Americas,Country,PAN,Panama,Year,2019,true,,,,,,,,,,,,,16.32,,,,,,16.32,,,EN,2022-01-23T23:00:00.000Z
HWF_0001,"Medical doctors (per 10,000)",numeric,EUR,Europe,Country,TUR,Turkey,Year,2019,true,,,,,,,,,,,,,19.28,,,,,,19.28,,,EN,2022-01-23T23:00:00.000Z
HWF_0001,"Medical doctors (per 10,000)",numeric,SEAR,South-East Asia,Country,MDV,Maldives,Year,2019,true,,,,,,,,,,,,,20.53,,,,,,20.53,,,EN,2022-01-23T23:00:00.000Z
HWF_0001,"Medical doctors (per 10,000)",numeric,EMR,Eastern Mediterranean,Country,LBN,Lebanon,Year,2019,true,,,,,,,,,,,,,22.07,,,,,,22.07,,,EN,2022-01-23T23:00:00.000Z
HWF_0001,"Medical doctors (per 10,000)",numeric,WPR,Western Pacific,Country,CHN,China,Year,2019,true,,,,,,,,,,,,,22.27,,,,,,22.27,,,EN,2022-01-23T23:00:00.000Z
HWF_0001,"Medical doctors (per 10,000)",numeric,AFR,Africa,Country,SYC,Seychelles,Year,2019,true,,,,,,,,,,,,,22.52,,,,,,22.52,,,EN,2022-01-23T23:00:00.000Z
HWF_0001,"Medical doctors (per 10,000)",numeric,AMR,Americas,Country,BRA,Brazil,Year,2019,true,,,,,,,,,,,,,23.11,,,,,,23.11,,,EN,2022-01-23T23:00:00.000Z
HWF_0001,"Medical doctors (per 10,000)",numeric,AMR,Americas,Country,MEX,Mexico,Year,2019,true,,,,,,,,,,,,,24.25,,,,,,24.25,,,EN,2022-01-23T23:00:00.000Z
HWF_0001,"Medical doctors (per 10,000)",numeric,AMR,Americas,Country,CAN,Canada,Year,2019,true,,,,,,,,,,,,,24.43,,,,,,24.43,,,EN,2022-01-23T23:00:00.000Z
HWF_0001,"Medical doctors (per 10,000)",numeric,WPR,Western Pacific,Country,SGP,Singapore,Year,2019,true,,,,,,,,,,,,,24.6,,,,,,24.6,,,EN,2022-01-23T23:00:00.000Z
HWF_0001,"Medical doctors (per 10,000)",numeric,WPR,Western Pacific,Country,KOR,Republic of Korea,Year,2019,true,,,,,,,,,,,,,24.84,,,,,,24.84,,,EN,2022-01-23T23:00:00.000Z
HWF_0001,"Medical doctors (per 10,000)",numeric,EMR,Eastern Mediterranean,Country,ARE,United Arab Emirates,Year,2019,true,,,,,,,,,,,,,26.01,,,,,,26.01,,,EN,2022-01-23T23:00:00.000Z
HWF_0001,"Medical doctors (per 10,000)",numeric,EMR,Eastern Mediterranean,Country,JOR,Jordan,Year,2019,true,,,,,,,,,,,,,26.61,,,,,,26.61,,,EN,2022-01-23T23:00:00.000Z
HWF_0001,"Medical doctors (per 10,000)",numeric,EUR,Europe,Country,CYP,Cyprus,Year,2019,true,,,,,,,,,,,,,31.44,,,,,,31.44,,,EN,2022-01-23T23:00:00.000Z
HWF_0001,"Medical doctors (per 10,000)",numeric,EUR,Europe,Country,AZE,Azerbaijan,Year,2019,true,,,,,,,,,,,,,31.68,,,,,,31.68,,,EN,2022-01-23T23:00:00.000Z
HWF_0001,"Medical doctors (per 10,000)",numeric,EUR,Europe,Country,FRA,France,Year,2019,true,,,,,,,,,,,,,32.74,,,,,,32.74,,,EN,2022-01-23T23:00:00.000Z
HWF_0001,"Medical doctors (per 10,000)",numeric,EUR,Europe,Country,SVN,Slovenia,Year,2019,true,,,,,,,,,,,,,32.77,,,,,,32.77,,,EN,2022-01-23T23:00:00.000Z
HWF_0001,"Medical doctors (per 10,000)",numeric,EUR,Europe,Country,HRV,Croatia,Year,2019,true,,,,,,,,,,,,,34.65,,,,,,34.65,,,EN,2022-01-23T23:00:00.000Z
HWF_0001,"Medical doctors (per 10,000)",numeric,EUR,Europe,Country,EST,Estonia,Year,2019,true,,,,,,,,,,,,,34.72,,,,,,34.72,,,EN,2022-01-23T23:00:00.000Z
HWF_0001,"Medical doctors (per 10,000)",numeric,EUR,Europe,Country,SVK,Slovakia,Year,2019,true,,,,,,,,,,,,,35.65,,,,,,35.65,,,EN,2022-01-23T23:00:00.000Z
HWF_0001,"Medical doctors (per 10,000)",numeric,AFR,Africa,Country,STP,Sao Tome and Principe,Year,2019,true,,,,,,,,,,,,,4.88,,,,,,4.88,,,EN,2022-01-23T23:00:00.000Z
HWF_0001,"Medical doctors (per 10,000)",numeric,EUR,Europe,Country,ISL,Iceland,Year,2019,true,,,,,,,,,,,,,41.42,,,,,,41.42,,,EN,2022-01-23T23:00:00.000Z
HWF_0001,"Medical doctors (per 10,000)",numeric,EUR,Europe,Country,ESP,Spain,Year,2019,true,,,,,,,,,,,,,44.41,,,,,,44.41,,,EN,2022-01-23T23:00:00.000Z
HWF_0001,"Medical doctors (per 10,000)",numeric,AMR,Americas,Country,TTO,Trinidad and Tobago,Year,2019,true,,,,,,,,,,,,,44.76,,,,,,44.76,,,EN,2022-01-23T23:00:00.000Z
HWF_0001,"Medical doctors (per 10,000)",numeric,EUR,Europe,Country,BLR,Belarus,Year,2019,true,,,,,,,,,,,,,45.38,,,,,,45.38,,,EN,2022-01-23T23:00:00.000Z
HWF_0001,"Medical doctors (per 10,000)",numeric,EUR,Europe,Country,PRT,Portugal,Year,2019,true,,,,,,,,,,,,,54.84,,,,,,54.84,,,EN,2022-01-23T23:00:00.000Z
HWF_0001,"Medical doctors (per 10,000)",numeric,EUR,Europe,Country,GRC,Greece,Year,2019,true,,,,,,,,,,,,,63.07,,,,,,63.07,,,EN,2022-01-23T23:00:00.000Z
HWF_0001,"Medical doctors (per 10,000)",numeric,SEAR,South-East Asia,Country,MMR,Myanmar,Year,2019,true,,,,,,,,,,,,,7.37,,,,,,7.37,,,EN,2022-01-23T23:00:00.000Z
HWF_0001,"Medical doctors (per 10,000)",numeric,EMR,Eastern Mediterranean,Country,EGY,Egypt,Year,2019,true,,,,,,,,,,,,,7.46,,,,,,7.46,,,EN,2022-01-23T23:00:00.000Z
HWF_0001,"Medical doctors (per 10,000)",numeric,AFR,Africa,Country,ZAF,South Africa,Year,2019,true,,,,,,,,,,,,,7.92,,,,,,7.92,,,EN,2022-01-23T23:00:00.000Z
HWF_0001,"Medical doctors (per 10,000)",numeric,EUR,Europe,Country,SWE,Sweden,Year,2019,true,,,,,,,,,,,,,70.92,,,,,,70.92,,,EN,2022-01-23T23:00:00.000Z
HWF_0001,"Medical doctors (per 10,000)",numeric,AFR,Africa,Country,SSD,South Sudan,Year,2018,true,,,,,,,,,,,,,0.37,,,,,,0.37,,,EN,2022-01-23T23:00:00.000Z
HWF_0001,"Medical doctors (per 10,000)",numeric,AFR,Africa,Country,LBR,Liberia,Year,2018,true,,,,,,,,,,,,,0.51,,,,,,0.51,,,EN,2022-01-23T23:00:00.000Z
HWF_0001,"Medical doctors (per 10,000)",numeric,AFR,Africa,Country,TZA,United Republic of Tanzania,Year,2018,true,,,,,,,,,,,,,0.51,,,,,,0.51,,,EN,2022-01-23T23:00:00.000Z
HWF_0001,"Medical doctors (per 10,000)",numeric,AFR,Africa,Country,CAF,Central African Republic,Year,2018,true,,,,,,,,,,,,,0.72,,,,,,0.72,,,EN,2022-01-23T23:00:00.000Z
HWF_0001,"Medical doctors (per 10,000)",numeric,AFR,Africa,Country,SLE,Sierra Leone,Year,2018,true,,,,,,,,,,,,,0.74,,,,,,0.74,,,EN,2022-01-23T23:00:00.000Z
HWF_0001,"Medical doctors (per 10,000)",numeric,AFR,Africa,Country,COG,Congo,Year,2018,true,,,,,,,,,,,,,1.04,,,,,,1.04,,,EN,2022-01-23T23:00:00.000Z
HWF_0001,"Medical doctors (per 10,000)",numeric,AFR,Africa,Country,ZMB,Zambia,Year,2018,true,,,,,,,,,,,,,1.17,,,,,,1.17,,,EN,2022-01-23T23:00:00.000Z
HWF_0001,"Medical doctors (per 10,000)",numeric,AFR,Africa,Country,CMR,Cameroon,Year,2018,true,,,,,,,,,,,,,1.29,,,,,,1.29,,,EN,2022-01-23T23:00:00.000Z
HWF_0001,"Medical doctors (per 10,000)",numeric,AFR,Africa,Country,MLI,Mali,Year,2018,true,,,,,,,,,,,,,1.29,,,,,,1.29,,,EN,2022-01-23T23:00:00.000Z
HWF_0001,"Medical doctors (per 10,000)",numeric,AFR,Africa,Country,KEN,Kenya,Year,2018,true,,,,,,,,,,,,,1.57,,,,,,1.57,,,EN,2022-01-23T23:00:00.000Z
HWF_0001,"Medical doctors (per 10,000)",numeric,AFR,Africa,Country,MRT,Mauritania,Year,2018,true,,,,,,,,,,,,,1.87,,,,,,1.87,,,EN,2022-01-23T23:00:00.000Z
HWF_0001,"Medical doctors (per 10,000)",numeric,AFR,Africa,Country,MDG,Madagascar,Year,2018,true,,,,,,,,,,,,,1.99,,,,,,1.99,,,EN,2022-01-23T23:00:00.000Z
HWF_0001,"Medical doctors (per 10,000)",numeric,AMR,Americas,Country,BLZ,Belize,Year,2018,true,,,,,,,,,,,,,10.78,,,,,,10.78,,,EN,2022-01-23T23:00:00.000Z
HWF_0001,"Medical doctors (per 10,000)",numeric,AMR,Americas,Country,DMA,Dominica,Year,2018,true,,,,,,,,,,,,,11.03,,,,,,11.03,,,EN,2022-01-23T23:00:00.000Z
HWF_0001,"Medical doctors (per 10,000)",numeric,AMR,Americas,Country,PER,Peru,Year,2018,true,,,,,,,,,,,,,13.69,,,,,,13.69,,,EN,2022-01-23T23:00:00.000Z
HWF_0001,"Medical doctors (per 10,000)",numeric,AMR,Americas,Country,GRD,Grenada,Year,2018,true,,,,,,,,,,,,,14.36,,,,,,14.36,,,EN,2022-01-23T23:00:00.000Z
HWF_0001,"Medical doctors (per 10,000)",numeric,EMR,Eastern Mediterranean,Country,IRN,Iran (Islamic Republic of),Year,2018,true,,,,,,,,,,,,,15.84,,,,,,15.84,,,EN,2022-01-23T23:00:00.000Z
HWF_0001,"Medical doctors (per 10,000)",numeric,AMR,Americas,Country,NIC,Nicaragua,Year,2018,true,,,,,,,,,,,,,16.65,,,,,,16.65,,,EN,2022-01-23T23:00:00.000Z
HWF_0001,"Medical doctors (per 10,000)",numeric,AFR,Africa,Country,DZA,Algeria,Year,2018,true,,,,,,,,,,,,,17.19,,,,,,17.19,,,EN,2022-01-23T23:00:00.000Z
HWF_0001,"Medical doctors (per 10,000)",numeric,AFR,Africa,Country,AGO,Angola,Year,2018,true,,,,,,,,,,,,,2.14,,,,,,2.14,,,EN,2022-01-23T23:00:00.000Z
HWF_0001,"Medical doctors (per 10,000)",numeric,AFR,Africa,Country,GIN,Guinea,Year,2018,true,,,,,,,,,,,,,2.25,,,,,,2.25,,,EN,2022-01-23T23:00:00.000Z
HWF_0001,"Medical doctors (per 10,000)",numeric,AMR,Americas,Country,HTI,Haiti,Year,2018,true,,,,,,,,,,,,,2.34,,,,,,2.34,,,EN,2022-01-23T23:00:00.000Z
HWF_0001,"Medical doctors (per 10,000)",numeric,AFR,Africa,Country,COM,Comoros,Year,2018,true,,,,,,,,,,,,,2.64,,,,,,2.64,,,EN,2022-01-23T23:00:00.000Z
HWF_0001,"Medical doctors (per 10,000)",numeric,WPR,Western Pacific,Country,JPN,Japan,Year,2018,true,,,,,,,,,,,,,24.8,,,,,,24.8,,,EN,2022-01-23T23:00:00.000Z
HWF_0001,"Medical doctors (per 10,000)",numeric,EMR,Eastern Mediterranean,Country,QAT,Qatar,Year,2018,true,,,,,,,,,,,,,24.85,,,,,,24.85,,,EN,2022-01-23T23:00:00.000Z
HWF_0001,"Medical doctors (per 10,000)",numeric,AMR,Americas,Country,USA,United States of America,Year,2018,true,,,,,,,,,,,,,26.1,,,,,,26.1,,,EN,2022-01-23T23:00:00.000Z
HWF_0001,"Medical doctors (per 10,000)",numeric,AMR,Americas,Country,KNA,Saint Kitts and Nevis,Year,2018,true,,,,,,,,,,,,,27.67,,,,,,27.67,,,EN,2022-01-23T23:00:00.000Z
HWF_0001,"Medical doctors (per 10,000)",numeric,AMR,Americas,Country,SLV,El Salvador,Year,2018,true,,,,,,,,,,,,,28.7,,,,,,28.7,,,EN,2022-01-23T23:00:00.000Z
HWF_0001,"Medical doctors (per 10,000)",numeric,AFR,Africa,Country,COD,Democratic Republic of the Congo,Year,2018,true,,,,,,,,,,,,,3.75,,,,,,3.75,,,EN,2022-01-23T23:00:00.000Z
HWF_0001,"Medical doctors (per 10,000)",numeric,AFR,Africa,Country,BWA,Botswana,Year,2018,true,,,,,,,,,,,,,3.78,,,,,,3.78,,,EN,2022-01-23T23:00:00.000Z
HWF_0001,"Medical doctors (per 10,000)",numeric,AFR,Africa,Country,NGA,Nigeria,Year,2018,true,,,,,,,,,,,,,3.81,,,,,,3.81,,,EN,2022-01-23T23:00:00.000Z
HWF_0001,"Medical doctors (per 10,000)",numeric,WPR,Western Pacific,Country,MNG,Mongolia,Year,2018,true,,,,,,,,,,,,,38.52,,,,,,38.52,,,EN,2022-01-23T23:00:00.000Z
HWF_0001,"Medical doctors (per 10,000)",numeric,AFR,Africa,Country,LSO,Lesotho,Year,2018,true,,,,,,,,,,,,,4.73,,,,,,4.73,,,EN,2022-01-23T23:00:00.000Z
HWF_0001,"Medical doctors (per 10,000)",numeric,EUR,Europe,Country,BGR,Bulgaria,Year,2018,true,,,,,,,,,,,,,42.07,,,,,,42.07,,,EN,2022-01-23T23:00:00.000Z
HWF_0001,"Medical doctors (per 10,000)",numeric,EUR,Europe,Country,DNK,Denmark,Year,2018,true,,,,,,,,,,,,,42.25,,,,,,42.25,,,EN,2022-01-23T23:00:00.000Z
HWF_0001,"Medical doctors (per 10,000)",numeric,EUR,Europe,Country,FIN,Finland,Year,2018,true,,,,,,,,,,,,,46.4,,,,,,46.4,,,EN,2022-01-23T23:00:00.000Z
HWF_0001,"Medical doctors (per 10,000)",numeric,AMR,Americas,Country,JAM,Jamaica,Year,2018,true,,,,,,,,,,,,,5.27,,,,,,5.27,,,EN,2022-01-23T23:00:00.000Z
HWF_0001,"Medical doctors (per 10,000)",numeric,AFR,Africa,Country,NAM,Namibia,Year,2018,true,,,,,,,,,,,,,5.9,,,,,,5.9,,,EN,2022-01-23T23:00:00.000Z
HWF_0001,"Medical doctors (per 10,000)",numeric,AFR,Africa,Country,GAB,Gabon,Year,2018,true,,,,,,,,,,,,,6.46,,,,,,6.46,,,EN,2022-01-23T23:00:00.000Z
HWF_0001,"Medical doctors (per 10,000)",numeric,AMR,Americas,Country,SUR,Suriname,Year,2018,true,,,,,,,,,,,,,8.19,,,,,,8.19,,,EN,2022-01-23T23:00:00.000Z
HWF_0001,"Medical doctors (per 10,000)",numeric,AFR,Africa,Country,CPV,Cabo Verde,Year,2018,true,,,,,,,,,,,,,8.31,,,,,,8.31,,,EN,2022-01-23T23:00:00.000Z
HWF_0001,"Medical doctors (per 10,000)",numeric,AMR,Americas,Country,CUB,Cuba,Year,2018,true,,,,,,,,,,,,,84.2,,,,,,84.2,,,EN,2022-01-23T23:00:00.000Z
HWF_0001,"Medical doctors (per 10,000)",numeric,AMR,Americas,Country,BOL,Bolivia (Plurinational State of),Year,2017,true,,,,,,,,,,,,,10.3,,,,,,10.3,,,EN,2022-01-23T23:00:00.000Z
HWF_0001,"Medical doctors (per 10,000)",numeric,EMR,Eastern Mediterranean,Country,TUN,Tunisia,Year,2017,true,,,,,,,,,,,,,13.03,,,,,,13.03,,,EN,2022-01-23T23:00:00.000Z
HWF_0001,"Medical doctors (per 10,000)",numeric,WPR,Western Pacific,Country,BRN,Brunei Darussalam,Year,2017,true,,,,,,,,,,,,,16.09,,,,,,16.09,,,EN,2022-01-23T23:00:00.000Z
HWF_0001,"Medical doctors (per 10,000)",numeric,AMR,Americas,Country,VEN,Venezuela (Bolivarian Republic of),Year,2017,true,,,,,,,,,,,,,17.3,,,,,,17.3,,,EN,2022-01-23T23:00:00.000Z
HWF_0001,"Medical doctors (per 10,000)",numeric,AMR,Americas,Country,BHS,Bahamas,Year,2017,true,,,,,,,,,,,,,19.39,,,,,,19.39,,,EN,2022-01-23T23:00:00.000Z
HWF_0001,"Medical doctors (per 10,000)",numeric,EMR,Eastern Mediterranean,Country,SDN,Sudan,Year,2017,true,,,,,,,,,,,,,2.62,,,,,,2.62,,,EN,2022-01-23T23:00:00.000Z
HWF_0001,"Medical doctors (per 10,000)",numeric,EMR,Eastern Mediterranean,Country,LBY,Libya,Year,2017,true,,,,,,,,,,,,,20.91,,,,,,20.91,,,EN,2022-01-23T23:00:00.000Z
HWF_0001,"Medical doctors (per 10,000)",numeric,AMR,Americas,Country,ECU,Ecuador,Year,2017,true,,,,,,,,,,,,,22.2,,,,,,22.2,,,EN,2022-01-23T23:00:00.000Z
HWF_0001,"Medical doctors (per 10,000)",numeric,AMR,Americas,Country,BRB,Barbados,Year,2017,true,,,,,,,,,,,,,24.88,,,,,,24.88,,,EN,2022-01-23T23:00:00.000Z
HWF_0001,"Medical doctors (per 10,000)",numeric,AMR,Americas,Country,ATG,Antigua and Barbuda,Year,2017,true,,,,,,,,,,,,,27.67,,,,,,27.67,,,EN,2022-01-23T23:00:00.000Z
HWF_0001,"Medical doctors (per 10,000)",numeric,EUR,Europe,Country,ROU,Romania,Year,2017,true,,,,,,,,,,,,,29.81,,,,,,29.81,,,EN,2022-01-23T23:00:00.000Z
HWF_0001,"Medical doctors (per 10,000)",numeric,EUR,Europe,Country,LUX,Luxembourg,Year,2017,true,,,,,,,,,,,,,30.07,,,,,,30.07,,,EN,2022-01-23T23:00:00.000Z
HWF_0001,"Medical doctors (per 10,000)",numeric,SEAR,South-East Asia,Country,PRK,Democratic People's Republic of Korea,Year,2017,true,,,,,,,,,,,,,36.83,,,,,,36.83,,,EN,2022-01-23T23:00:00.000Z
HWF_0001,"Medical doctors (per 10,000)",numeric,AFR,Africa,Country,GNQ,Equatorial Guinea,Year,2017,true,,,,,,,,,,,,,4.02,,,,,,4.02,,,EN,2022-01-23T23:00:00.000Z
HWF_0001,"Medical doctors (per 10,000)",numeric,EUR,Europe,Country,ARM,Armenia,Year,2017,true,,,,,,,,,,,,,44.02,,,,,,44.02,,,EN,2022-01-23T23:00:00.000Z
HWF_0001,"Medical doctors (per 10,000)",numeric,AMR,Americas,Country,URY,Uruguay,Year,2017,true,,,,,,,,,,,,,49.4,,,,,,49.4,,,EN,2022-01-23T23:00:00.000Z
HWF_0001,"Medical doctors (per 10,000)",numeric,AMR,Americas,Country,LCA,Saint Lucia,Year,2017,true,,,,,,,,,,,,,6.41,,,,,,6.41,,,EN,2022-01-23T23:00:00.000Z
HWF_0001,"Medical doctors (per 10,000)",numeric,EMR,Eastern Mediterranean,Country,MAR,Morocco,Year,2017,true,,,,,,,,,,,,,7.31,,,,,,7.31,,,EN,2022-01-23T23:00:00.000Z
HWF_0001,"Medical doctors (per 10,000)",numeric,WPR,Western Pacific,Country,VUT,Vanuatu,Year,2016,true,,,,,,,,,,,,,1.65,,,,,,1.65,,,EN,2022-01-23T23:00:00.000Z
HWF_0001,"Medical doctors (per 10,000)",numeric,WPR,Western Pacific,Country,SLB,Solomon Islands,Year,2016,true,,,,,,,,,,,,,1.94,,,,,,1.94,,,EN,2022-01-23T23:00:00.000Z
HWF_0001,"Medical doctors (per 10,000)",numeric,EMR,Eastern Mediterranean,Country,SYR,Syrian Arab Republic,Year,2016,true,,,,,,,,,,,,,12.87,,,,,,12.87,,,EN,2022-01-23T23:00:00.000Z
HWF_0001,"Medical doctors (per 10,000)",numeric,EUR,Europe,Country,SRB,Serbia,Year,2016,true,,,,,,,,,,,,,31.13,,,,,,31.13,,,EN,2022-01-23T23:00:00.000Z
HWF_0001,"Medical doctors (per 10,000)",numeric,WPR,Western Pacific,Country,VNM,Viet Nam,Year,2016,true,,,,,,,,,,,,,8.28,,,,,,8.28,,,EN,2022-01-23T23:00:00.000Z
HWF_0001,"Medical doctors (per 10,000)",numeric,WPR,Western Pacific,Country,NRU,Nauru,Year,2015,true,,,,,,,,,,,,,13.46,,,,,,13.46,,,EN,2022-01-23T23:00:00.000Z
HWF_0001,"Medical doctors (per 10,000)",numeric,EUR,Europe,Country,BIH,Bosnia and Herzegovina,Year,2015,true,,,,,,,,,,,,,21.62,,,,,,21.62,,,EN,2022-01-23T23:00:00.000Z
HWF_0001,"Medical doctors (per 10,000)",numeric,EUR,Europe,Country,MLT,Malta,Year,2015,true,,,,,,,,,,,,,28.6,,,,,,28.6,,,EN,2022-01-23T23:00:00.000Z
HWF_0001,"Medical doctors (per 10,000)",numeric,EUR,Europe,Country,MKD,The former Yugoslav Republic of Macedonia,Year,2015,true,,,,,,,,,,,,,28.74,,,,,,28.74,,,EN,2022-01-23T23:00:00.000Z
HWF_0001,"Medical doctors (per 10,000)",numeric,EUR,Europe,Country,AND,Andorra,Year,2015,true,,,,,,,,,,,,,33.33,,,,,,33.33,,,EN,2022-01-23T23:00:00.000Z
HWF_0001,"Medical doctors (per 10,000)",numeric,WPR,Western Pacific,Country,FJI,Fiji,Year,2015,true,,,,,,,,,,,,,8.6,,,,,,8.6,,,EN,2022-01-23T23:00:00.000Z
HWF_0001,"Medical doctors (per 10,000)",numeric,EMR,Eastern Mediterranean,Country,BHR,Bahrain,Year,2015,true,,,,,,,,,,,,,9.26,,,,,,9.26,,,EN,2022-01-23T23:00:00.000Z
HWF_0001,"Medical doctors (per 10,000)",numeric,EMR,Eastern Mediterranean,Country,SOM,Somalia,Year,2014,true,,,,,,,,,,,,,0.23,,,,,,0.23,,,EN,2022-01-23T23:00:00.000Z
HWF_0001,"Medical doctors (per 10,000)",numeric,WPR,Western Pacific,Country,KHM,Cambodia,Year,2014,true,,,,,,,,,,,,,1.93,,,,,,1.93,,,EN,2022-01-23T23:00:00.000Z
HWF_0001,"Medical doctors (per 10,000)",numeric,WPR,Western Pacific,Country,COK,Cook Islands,Year,2014,true,,,,,,,,,,,,,14.12,,,,,,14.12,,,EN,2022-01-23T23:00:00.000Z
HWF_0001,"Medical doctors (per 10,000)",numeric,EUR,Europe,Country,TJK,Tajikistan,Year,2014,true,,,,,,,,,,,,,17.23,,,,,,17.23,,,EN,2022-01-23T23:00:00.000Z
HWF_0001,"Medical doctors (per 10,000)",numeric,EMR,Eastern Mediterranean,Country,DJI,Djibouti,Year,2014,true,,,,,,,,,,,,,2.24,,,,,,2.24,,,EN,2022-01-23T23:00:00.000Z
HWF_0001,"Medical doctors (per 10,000)",numeric,EUR,Europe,Country,KGZ,Kyrgyzstan,Year,2014,true,,,,,,,,,,,,,22.13,,,,,,22.13,,,EN,2022-01-23T23:00:00.000Z
HWF_0001,"Medical doctors (per 10,000)",numeric,EUR,Europe,Country,TKM,Turkmenistan,Year,2014,true,,,,,,,,,,,,,22.25,,,,,,22.25,,,EN,2022-01-23T23:00:00.000Z
HWF_0001,"Medical doctors (per 10,000)",numeric,EUR,Europe,Country,UZB,Uzbekistan,Year,2014,true,,,,,,,,,,,,,23.74,,,,,,23.74,,,EN,2022-01-23T23:00:00.000Z
HWF_0001,"Medical doctors (per 10,000)",numeric,EUR,Europe,Country,UKR,Ukraine,Year,2014,true,,,,,,,,,,,,,29.92,,,,,,29.92,,,EN,2022-01-23T23:00:00.000Z
HWF_0001,"Medical doctors (per 10,000)",numeric,EMR,Eastern Mediterranean,Country,YEM,Yemen,Year,2014,true,,,,,,,,,,,,,5.25,,,,,,5.25,,,EN,2022-01-23T23:00:00.000Z
HWF_0001,"Medical doctors (per 10,000)",numeric,EUR,Europe,Country,SMR,San Marino,Year,2014,true,,,,,,,,,,,,,61.09,,,,,,61.09,,,EN,2022-01-23T23:00:00.000Z
HWF_0001,"Medical doctors (per 10,000)",numeric,EUR,Europe,Country,MCO,Monaco,Year,2014,true,,,,,,,,,,,,,75.07,,,,,,75.07,,,EN,2022-01-23T23:00:00.000Z
HWF_0001,"Medical doctors (per 10,000)",numeric,WPR,Western Pacific,Country,KIR,Kiribati,Year,2013,true,,,,,,,,,,,,,2.04,,,,,,2.04,,,EN,2022-01-23T23:00:00.000Z
HWF_0001,"Medical doctors (per 10,000)",numeric,WPR,Western Pacific,Country,MHL,Marshall Islands,Year,2012,true,,,,,,,,,,,,,4.23,,,,,,4.23,,,EN,2022-01-23T23:00:00.000Z
HWF_0001,"Medical doctors (per 10,000)",numeric,AMR,Americas,Country,VCT,Saint Vincent and the Grenadines,Year,2012,true,,,,,,,,,,,,,9.41,,,,,,9.41,,,EN,2022-01-23T23:00:00.000Z
HWF_0001,"Medical doctors (per 10,000)",numeric,WPR,Western Pacific,Country,NIU,Niue,Year,2008,true,,,,,,,,,,,,,18.75,,,,,,18.75,,,EN,2022-01-23T23:00:00.000Z
